O'SULLIVAN'S,REAL OG'S,7,4
BREAKFAST CLUB,STRAIGHT FROM THE REC,7,0
FREE AGENTS UNITED,OLD FOLKS HOME,3,5
BEERCELONA,ANCESTROS,1,1
SUDAMERICA,AFC RICHMOND,4,4
ANCESTROS,BREAKFAST CLUB,0,8
OLD FOLKS HOME,O'SULLIVAN'S,2,3
REAL OG'S,STRAIGHT FROM THE REC,4,3
AFC RICHMOND,FREE AGENTS UNITED,6,3
SUDAMERICA,BEERCELONA,3,7
STRAIGHT FROM THE REC,OLD FOLKS HOME,6,3
O'SULLIVAN'S,ANCESTROS,5,3
BEERCELONA,REAL OG'S,4,4
AFC RICHMOND,BREAKFAST CLUB,0,8
SUDAMERICA,FREE AGENTS UNITED,7,2
STRAIGHT FROM THE REC,ANCESTROS,5,1
AFC RICHMOND,O'SULLIVAN'S,3,5
REAL OG'S,OLD FOLKS HOME,0,3
BEERCELONA,FREE AGENTS UNITED,1,5
BREAKFAST CLUB,SUDAMERICA,4,2
AFC RICHMOND,STRAIGHT FROM THE REC,4,9
REAL OG'S,FREE AGENTS UNITED,4,6
O'SULLIVAN'S,SUDAMERICA,7,3
BEERCELONA,BREAKFAST CLUB,0,18
OLD FOLKS HOME,ANCESTROS,7,1
O'SULLIVAN'S,BEERCELONA,17,1
SUDAMERICA,STRAIGHT FROM THE REC,0,3
ANCESTROS,REAL OG'S,3,4
OLD FOLKS HOME,AFC RICHMOND,2,5
FREE AGENTS UNITED,BREAKFAST CLUB,2,6
FREE AGENTS UNITED,O'SULLIVAN'S,2,3
REAL OG'S,BREAKFAST CLUB,0,10
STRAIGHT FROM THE REC,BEERCELONA,8,3
ANCESTROS,AFC RICHMOND,4,0
OLD FOLKS HOME,SUDAMERICA,2,6
SUDAMERICA,REAL OG'S,9,3
BREAKFAST CLUB,OLD FOLKS HOME,6,0
O'SULLIVAN'S,STRAIGHT FROM THE REC,10,7
FREE AGENTS UNITED,ANCESTROS,4,5
AFC RICHMOND,BEERCELONA,7,2
STRAIGHT FROM THE REC,FREE AGENTS UNITED,2,4
REAL OG'S,AFC RICHMOND,0,3
BREAKFAST CLUB,O'SULLIVAN'S,2,3
ANCESTROS,SUDAMERICA,4,2
OLD FOLKS HOME,BEERCELONA,3,3